episode,algo,reward
0,Random,1513.9696290881661
1,Random,1396.2524370578888
2,Random,1135.733797829811
3,Random,856.2153698208764
4,Random,911.2863732081609
5,Random,1080.7334709704344
6,Random,896.7049801789417
7,Random,1086.634028491008
8,Random,999.9791708760872
9,Random,1287.9871375906423
10,Random,1369.8386694766828
11,Random,1512.2893880678755
12,Random,1220.0111581105712
13,Random,1403.8247811062242
14,Random,992.5560380939344
15,Random,1175.760206458895
16,Random,1131.2864063430318
17,Random,1109.2812370641818
18,Random,1468.9647088397637
19,Random,1267.5976288814093
20,Random,1128.9589329976047
21,Random,1154.7865026311617
22,Random,1008.9193754199682
23,Random,1138.225714807683
24,Random,1167.8300836743413
25,Random,762.8677494016439
26,Random,1074.2952552103573
27,Random,1255.8610562165481
28,Random,1410.6423175260877
29,Random,1000.9992359999258
30,Random,1367.1430280516684
31,Random,1416.0731452825003
32,Random,1605.8965643362185
33,Random,1485.4610879235995
34,Random,1143.7939882166452
35,Random,803.0138293416853
36,Random,988.29126908489
37,Random,1416.0760914827174
38,Random,1033.1878909804336
39,Random,1380.6674718191914
40,Random,1230.6052768817842
41,Random,1231.525207107833
42,Random,647.8274602277313
43,Random,1231.8623664238717
44,Random,982.3391697913004
45,Random,1606.6454816296384
46,Random,1241.4123024877658
47,Random,1151.318842291589
48,Random,878.3750584760007
49,Random,1202.2106427486958
50,Random,1337.052906222915
51,Random,875.3685334750412
52,Random,1162.4627730862196
53,Random,1005.7505864922507
54,Random,1432.009926399773
55,Random,1172.6284325186914
56,Random,1116.0050318064807
57,Random,1305.6342640750665
58,Random,1270.7180176249476
59,Random,1304.371129334811
60,Random,1236.9064455190648
61,Random,960.2827817461438
62,Random,1167.5748758070013
63,Random,1343.3739335836503
64,Random,1007.993248786736
65,Random,948.2856537573019
66,Random,1336.0846140764088
67,Random,1267.2096325955479
68,Random,948.8505233727635
69,Random,967.5183511923344
70,Random,1359.373566016921
71,Random,1239.3232284389105
72,Random,1227.634104224578
73,Random,1465.5147655858975
74,Random,1294.6491174284113
75,Random,1440.9190654869706
76,Random,604.477690602785
77,Random,1014.453007929659
78,Random,1371.6788559932493
79,Random,1282.9043849400718
80,Random,1450.742683560159
81,Random,1296.8828531510267
82,Random,853.2031830690285
83,Random,1207.1554929594702
84,Random,849.6282303498836
85,Random,1012.2214084305583
86,Random,709.9898039172358
87,Random,1435.7642893749721
88,Random,1042.010772473642
89,Random,1142.745861525119
90,Random,1255.8649258652472
91,Random,1133.3913322294068
92,Random,1263.2678523659386
93,Random,1414.8049612532232
94,Random,1470.8957895795459
95,Random,968.1534681632958
96,Random,1311.1561064411835
97,Random,988.2153404827083
98,Random,1212.5946967651905
99,Random,1062.2591969374218
100,Random,898.7676829595391
101,Random,1170.5652900278594
102,Random,1109.7335216483364
103,Random,1220.733198744631
104,Random,1157.133997376364
105,Random,1308.665959410964
106,Random,1295.2365331654719
107,Random,902.0907707376514
108,Random,944.5583938558506
109,Random,1367.4064364048427
110,Random,1003.1346393849195
111,Random,1405.6323067689486
112,Random,1378.196186271914
113,Random,1022.098624371678
114,Random,1372.36612338436
115,Random,1118.1328451988693
116,Random,1307.276521324426
117,Random,1178.4893838821051
118,Random,1225.1687973778169
119,Random,1300.6278394924113
120,Random,1505.9145194005978
121,Random,1021.638734914703
122,Random,905.5674591437635
123,Random,910.9249024041261
124,Random,943.1923542301763
125,Random,1446.2831316436955
126,Random,1104.4087787795106
127,Random,1309.7211141631628
128,Random,1163.901376622927
129,Random,918.692580885569
130,Random,996.5956723541254
131,Random,1196.021814960604
132,Random,1119.982700766387
133,Random,953.133991208507
134,Random,969.4689055888653
135,Random,1187.7209994050136
136,Random,1093.8917386870003
137,Random,1153.9059953111307
138,Random,1097.2508315969958
139,Random,1021.6694140234482
140,Random,1396.0753366496158
141,Random,1376.3091797490802
142,Random,1307.6786370297646
143,Random,1450.1058359835276
144,Random,954.3721982461576
145,Random,1659.296748128512
146,Random,1494.0244939294275
147,Random,877.7832421263662
148,Random,686.530447469903
149,Random,1430.6656568125136
150,Random,1354.9187585685281
151,Random,1078.3071429056006
152,Random,1051.2058841997646
153,Random,1125.5706335191933
154,Random,1301.655370938972
155,Random,1284.5596618949376
156,Random,928.250055677645
157,Random,1433.5817286373124
158,Random,821.5854837230864
159,Random,1126.294026792486
160,Random,1141.2460215214096
161,Random,1240.7802920039321
162,Random,1597.6982565988428
163,Random,1350.4845195094279
164,Random,1611.81453348604
165,Random,1141.4112398789648
166,Random,1384.3329364007964
167,Random,1195.6964197454108
168,Random,1504.0284576663794
169,Random,1401.534099302573
170,Random,1081.0953745978027
171,Random,1314.2713698386247
172,Random,1201.3723838078258
173,Random,1067.9895600135676
174,Random,1079.7687319339936
175,Random,1554.4055194220746
176,Random,775.3228486696364
177,Random,1467.2701273635387
178,Random,1273.3923587329052
179,Random,973.8958129964591
180,Random,1420.2225452057323
181,Random,1024.0840303764971
182,Random,812.5252768425054
183,Random,832.0460530635925
184,Random,1123.1037539511146
185,Random,1035.5594012823021
186,Random,1215.3679350942823
187,Random,1574.8636144655932
188,Random,810.906959213821
189,Random,873.3464166127442
190,Random,1170.5910897178755
191,Random,1062.874540002622
192,Random,1530.6832845080307
193,Random,1393.4098950610603
194,Random,1531.8721860138626
195,Random,1366.4110366108748
196,Random,977.1051897310283
197,Random,1216.4879808679193
198,Random,830.68482566352
199,Random,1154.244914807405
0,Fixed,1479.1840441061227
1,Fixed,1480.1715657567097
2,Fixed,1477.2633328365841
3,Fixed,1481.0465516172576
4,Fixed,1474.4510766046092
5,Fixed,1476.5652181976388
6,Fixed,1471.0596986522437
7,Fixed,1477.29289139385
8,Fixed,1481.4020200095167
9,Fixed,1480.184587486227
10,Fixed,1478.049797638738
11,Fixed,1481.0946639391943
12,Fixed,1483.842372558843
13,Fixed,1481.4822677081377
14,Fixed,1475.8704783758292
15,Fixed,1480.0541756509338
16,Fixed,1478.9063772955092
17,Fixed,1475.2663011131413
18,Fixed,1482.7480054695616
19,Fixed,1480.5494967807952
20,Fixed,1474.8388268886197
21,Fixed,1471.2294994639528
22,Fixed,1476.4343067912146
23,Fixed,1483.996143981387
24,Fixed,1482.2723247275421
25,Fixed,1477.6380125297942
26,Fixed,1473.4418704002396
27,Fixed,1481.4585869909738
28,Fixed,1480.2046169089112
29,Fixed,1482.7038713672703
30,Fixed,1472.2539584505507
31,Fixed,1478.9725169803164
32,Fixed,1479.948259901053
33,Fixed,1482.1922389605347
34,Fixed,1485.6292861690697
35,Fixed,1477.0606813189522
36,Fixed,1480.2508275934306
37,Fixed,1479.850986086539
38,Fixed,1478.9275646046358
39,Fixed,1480.4953316672595
40,Fixed,1478.5967624634688
41,Fixed,1479.013564803433
42,Fixed,1480.0013132040845
43,Fixed,1484.5041801643815
44,Fixed,1475.5942664420595
45,Fixed,1480.9205353195957
46,Fixed,1484.6779187711272
47,Fixed,1479.9377862204126
48,Fixed,1477.3254559087102
49,Fixed,1477.9212039329836
50,Fixed,1480.8312277251541
51,Fixed,1479.5174244600712
52,Fixed,1479.6603012040534
53,Fixed,1482.6218172991191
54,Fixed,1480.8798795553778
55,Fixed,1479.4532591747775
56,Fixed,1479.3420724727248
57,Fixed,1480.674418923788
58,Fixed,1476.1502246927018
59,Fixed,1482.8340331860663
60,Fixed,1480.283439478904
61,Fixed,1483.682012018033
62,Fixed,1480.2392509989756
63,Fixed,1484.84675899526
64,Fixed,1478.0339029827542
65,Fixed,1481.4429783557923
66,Fixed,1476.4003799954576
67,Fixed,1483.007126541714
68,Fixed,1483.1681477366444
69,Fixed,1475.0947079254604
70,Fixed,1474.0112093369896
71,Fixed,1481.936561881431
72,Fixed,1479.0272964622557
73,Fixed,1475.187085536631
74,Fixed,1480.1212966484695
75,Fixed,1479.476205096007
76,Fixed,1480.6983599949747
77,Fixed,1474.5659791318112
78,Fixed,1476.4231214344318
79,Fixed,1480.2932816175878
80,Fixed,1480.5055794247323
81,Fixed,1476.718243192718
82,Fixed,1480.9810712516946
83,Fixed,1484.2160394281652
84,Fixed,1484.6477724118258
85,Fixed,1477.566477361039
86,Fixed,1484.489656748481
87,Fixed,1480.337029634355
88,Fixed,1480.4861427173473
89,Fixed,1480.8748438825623
90,Fixed,1480.6284271611637
91,Fixed,1479.5093144783805
92,Fixed,1476.8170810096915
93,Fixed,1477.4799761704173
94,Fixed,1483.3005061473136
95,Fixed,1477.0524372000978
96,Fixed,1479.3010125560083
97,Fixed,1483.752997424279
98,Fixed,1481.199071458911
99,Fixed,1481.0627258993609
100,Fixed,1468.301065007615
101,Fixed,1475.7597478955608
102,Fixed,1478.3040665725657
103,Fixed,1476.4069366219333
104,Fixed,1471.120340501721
105,Fixed,1482.5611492001733
106,Fixed,1480.3447081785143
107,Fixed,1484.118631758782
108,Fixed,1473.4854296266092
109,Fixed,1480.325172024009
110,Fixed,1480.1304121872647
111,Fixed,1475.190871950741
112,Fixed,1476.112900397506
113,Fixed,1480.7310533700277
114,Fixed,1478.245455514259
115,Fixed,1486.6238746759207
116,Fixed,1478.5128526365077
117,Fixed,1484.4762452973184
118,Fixed,1483.9098948643875
119,Fixed,1481.3186931916746
120,Fixed,1481.7290891653488
121,Fixed,1479.4129016521367
122,Fixed,1484.6767569410213
123,Fixed,1477.9637404837667
124,Fixed,1479.2385025448516
125,Fixed,1477.3289749102494
126,Fixed,1483.8007223533928
127,Fixed,1478.5689184288788
128,Fixed,1482.329166156207
129,Fixed,1475.4786263060048
130,Fixed,1475.9279630536853
131,Fixed,1476.3050028123737
132,Fixed,1477.55861403284
133,Fixed,1479.9340571026537
134,Fixed,1475.7512215766628
135,Fixed,1479.0641115929648
136,Fixed,1485.2611506260916
137,Fixed,1476.3723646655615
138,Fixed,1488.304415128611
139,Fixed,1480.5883076897715
140,Fixed,1485.3427138192353
141,Fixed,1484.9134900216661
142,Fixed,1477.9902942178398
143,Fixed,1480.4114973041017
144,Fixed,1477.403123841001
145,Fixed,1481.2466159003473
146,Fixed,1478.5102237125093
147,Fixed,1479.1226336501759
148,Fixed,1476.8681175355478
149,Fixed,1482.1756320077843
150,Fixed,1480.8790351333705
151,Fixed,1482.1891398952166
152,Fixed,1478.5171600084889
153,Fixed,1475.7473775943254
154,Fixed,1477.417131868903
155,Fixed,1481.6063703011052
156,Fixed,1480.2062009055644
157,Fixed,1482.164369469645
158,Fixed,1478.5631277439124
159,Fixed,1480.657060265574
160,Fixed,1478.2613775617149
161,Fixed,1472.993041199185
162,Fixed,1473.558795244933
163,Fixed,1482.5384822521573
164,Fixed,1477.9507130756106
165,Fixed,1479.6900732283539
166,Fixed,1482.2663457881413
167,Fixed,1475.273910745018
168,Fixed,1476.760516631478
169,Fixed,1479.5296598507578
170,Fixed,1479.2973848568702
171,Fixed,1478.2813430780864
172,Fixed,1483.3387959312133
173,Fixed,1478.2139859876486
174,Fixed,1481.0719404775434
175,Fixed,1483.8086536449437
176,Fixed,1479.7560409191988
177,Fixed,1482.8233010219124
178,Fixed,1480.596034212873
179,Fixed,1480.5989763821854
180,Fixed,1481.6682881265629
181,Fixed,1481.8648470595297
182,Fixed,1480.8632586087797
183,Fixed,1476.0477156969364
184,Fixed,1477.5447380390592
185,Fixed,1479.8051484057264
186,Fixed,1481.6074749892573
187,Fixed,1484.6021774688074
188,Fixed,1481.6959941938258
189,Fixed,1476.09106642785
190,Fixed,1483.894119308523
191,Fixed,1474.82785357038
192,Fixed,1482.9460012068043
193,Fixed,1478.7996575822772
194,Fixed,1478.3321816466353
195,Fixed,1477.621989555418
196,Fixed,1469.6742876317894
197,Fixed,1474.5976296501915
198,Fixed,1482.691701702249
199,Fixed,1477.7336111867926
